{
  "k_frac": 0.1,
  "cost": 0.002,
  "n_arms": 3,
  "pooled": {
    "plain": {
      "mean_per_period": 0.0010691051873054855,
      "annualized_sharpe": 0.8940478794987584,
      "n_dates": 38,
      "mean_ci95": [
        -0.0016187061279154026,
        0.003635730225758624
      ],
      "skew": 0.2753182224677881,
      "kurtosis": 2.8389973930272854,
      "deflated": {
        "dsr": 0.6538419122819035,
        "psr": 0.7813435184160475,
        "sr_per_period": 0.1259347282148973,
        "sr0_threshold": 0.061776587154569025,
        "var_sharpe": 0.00524745667226541,
        "n_trials": 3,
        "n_obs": 38
      }
    },
    "hmm": {
      "mean_per_period": 0.0011173476634044385,
      "annualized_sharpe": 1.9211381288695035,
      "n_dates": 38,
      "mean_ci95": [
        0.0,
        0.002471225933888076
      ],
      "skew": 3.6625722676971795,
      "kurtosis": 15.060344272309724,
      "deflated": {
        "dsr": 0.9930854500443047,
        "psr": 0.9992883384593868,
        "sr_per_period": 0.27060967725587365,
        "sr0_threshold": 0.061776587154569025,
        "var_sharpe": 0.00524745667226541,
        "n_trials": 3,
        "n_obs": 38
      }
    },
    "trend": {
      "mean_per_period": 0.0015488693695141192,
      "annualized_sharpe": 1.4548123178405774,
      "n_dates": 38,
      "mean_ci95": [
        -0.0007805468541001471,
        0.0038402061570236286
      ],
      "skew": 0.6085690693730239,
      "kurtosis": 3.3598656297680094,
      "deflated": {
        "dsr": 0.820637007482371,
        "psr": 0.9055566978603871,
        "sr_per_period": 0.20492347004240316,
        "sr0_threshold": 0.061776587154569025,
        "var_sharpe": 0.00524745667226541,
        "n_trials": 3,
        "n_obs": 38
      }
    }
  },
  "per_split": {
    "plain": {
      "2025Q2": {
        "mean_per_period": 0.0038491568861534313,
        "annualized_sharpe": 2.9829848195341757,
        "n_dates": 12,
        "mean_ci95": [
          -0.0009519710318935394,
          0.009009378842619785
        ],
        "skew": 0.331507210617012,
        "kurtosis": 1.947923908204173,
        "deflated": {
          "dsr": 0.9287969030229486,
          "psr": 0.9287969030229486,
          "sr_per_period": 0.4201803853366474,
          "sr0_threshold": 0.0,
          "var_sharpe": 0.0,
          "n_trials": 3,
          "n_obs": 12
        }
      },
      "2025Q3": {
        "mean_per_period": -0.0005372273783438502,
        "annualized_sharpe": -0.4549093177645647,
        "n_dates": 14,
        "mean_ci95": [
          -0.00451330099660939,
          0.0037333408969689704
        ],
        "skew": 0.44510413119972525,
        "kurtosis": 3.5748250842512084,
        "deflated": {
          "dsr": 0.4100101803663525,
          "psr": 0.4100101803663525,
          "sr_per_period": -0.06407809090406144,
          "sr0_threshold": 0.0,
          "var_sharpe": 0.0,
          "n_trials": 3,
          "n_obs": 14
        }
      },
      "2025Q4": {
        "mean_per_period": 0.00016310814838176382,
        "annualized_sharpe": 0.14610381787350113,
        "n_dates": 12,
        "mean_ci95": [
          -0.004360302181786357,
          0.004149024972945774
        ],
        "skew": -0.2724009510259781,
        "kurtosis": 2.629503509213519,
        "deflated": {
          "dsr": 0.5271310333123832,
          "psr": 0.5271310333123832,
          "sr_per_period": 0.02058004388464496,
          "sr0_threshold": 0.0,
          "var_sharpe": 0.0,
          "n_trials": 3,
          "n_obs": 12
        }
      }
    },
    "hmm": {
      "2025Q2": {
        "mean_per_period": 0.003538267600780722,
        "annualized_sharpe": 3.6256120471496,
        "n_dates": 12,
        "mean_ci95": [
          0.0,
          0.007725171677144141
        ],
        "skew": 1.5544202569044125,
        "kurtosis": 3.6999402865586606,
        "deflated": {
          "dsr": 0.9969259558658392,
          "psr": 0.9969259558658392,
          "sr_per_period": 0.5107002412739086,
          "sr0_threshold": 0.0,
          "var_sharpe": 0.0,
          "n_trials": 3,
          "n_obs": 12
        }
      },
      "2025Q3": {
        "mean_per_period": 0.0,
        "annualized_sharpe": NaN,
        "n_dates": 14,
        "mean_ci95": [
          0.0,
          0.0
        ],
        "skew": NaN,
        "kurtosis": NaN,
        "deflated": {
          "dsr": NaN,
          "psr": NaN,
          "sr_per_period": NaN,
          "sr0_threshold": 0.0,
          "var_sharpe": 0.0,
          "n_trials": 3,
          "n_obs": 14
        }
      },
      "2025Q4": {
        "mean_per_period": 0.0,
        "annualized_sharpe": NaN,
        "n_dates": 12,
        "mean_ci95": [
          0.0,
          0.0
        ],
        "skew": NaN,
        "kurtosis": NaN,
        "deflated": {
          "dsr": NaN,
          "psr": NaN,
          "sr_per_period": NaN,
          "sr0_threshold": 0.0,
          "var_sharpe": 0.0,
          "n_trials": 3,
          "n_obs": 12
        }
      }
    },
    "trend": {
      "2025Q2": {
        "mean_per_period": 0.004256276305412965,
        "annualized_sharpe": 3.7165855886835057,
        "n_dates": 12,
        "mean_ci95": [
          4.525664181678993e-05,
          0.00901397761959821
        ],
        "skew": 0.7890119090608892,
        "kurtosis": 2.100355527817276,
        "deflated": {
          "dsr": 0.983556958820466,
          "psr": 0.983556958820466,
          "sr_per_period": 0.5235146872230922,
          "sr0_threshold": 0.0,
          "var_sharpe": 0.0,
          "n_trials": 3,
          "n_obs": 12
        }
      },
      "2025Q3": {
        "mean_per_period": 0.00067996042826371,
        "annualized_sharpe": 0.6913664144015212,
        "n_dates": 14,
        "mean_ci95": [
          -0.0025202010419904334,
          0.004540596056354766
        ],
        "skew": 1.1807366213796868,
        "kurtosis": 4.098555569903608,
        "deflated": {
          "dsr": 0.6449425265720994,
          "psr": 0.6449425265720994,
          "sr_per_period": 0.09738521111797407,
          "sr0_threshold": 0.0,
          "var_sharpe": 0.0,
          "n_trials": 3,
          "n_obs": 14
        }
      },
      "2025Q4": {
        "mean_per_period": -0.00014481046825925024,
        "annualized_sharpe": -0.1369455029346374,
        "n_dates": 12,
        "mean_ci95": [
          -0.004272456349621069,
          0.0036403388261892636
        ],
        "skew": -0.26508743738699636,
        "kurtosis": 3.1158208446665405,
        "deflated": {
          "dsr": 0.474431129406393,
          "psr": 0.474431129406393,
          "sr_per_period": -0.019290012411857557,
          "sr0_threshold": 0.0,
          "var_sharpe": 0.0,
          "n_trials": 3,
          "n_obs": 12
        }
      }
    }
  },
  "summary": {
    "survivors": [],
    "verdict": "ALL SUB-COST / NOT DSR-SIGNIFICANT (regime baselines do not survive our protocol)"
  }
}