{
  "pooled": {
    "always": {
      "mean_per_period": -0.005949975888863276,
      "annualized_sharpe": -2.044621827392262,
      "n_dates": 212,
      "mean_ci95": [
        -0.008606392312742853,
        -0.0031078343424118422
      ],
      "skew": -0.471564559122856,
      "kurtosis": 22.620612925734505,
      "deflated": {
        "dsr": 1.5230408130309127e-05,
        "psr": 0.0001302964402467789,
        "sr_per_period": -0.2880034727885608,
        "sr0_threshold": 0.04088429825011992,
        "var_sharpe": 0.002298339244912002,
        "n_trials": 3,
        "n_obs": 212
      }
    },
    "trend": {
      "mean_per_period": -0.002731173247184739,
      "annualized_sharpe": -1.3924451125386124,
      "n_dates": 212,
      "mean_ci95": [
        -0.004614588015993631,
        -0.0007864960840551164
      ],
      "skew": 2.6556903546652713,
      "kurtosis": 41.04499785810178,
      "deflated": {
        "dsr": 0.006318563290365332,
        "psr": 0.01952446463869836,
        "sr_per_period": -0.19613848522298938,
        "sr0_threshold": 0.04088429825011992,
        "var_sharpe": 0.002298339244912002,
        "n_trials": 3,
        "n_obs": 212
      }
    },
    "abstain": {
      "mean_per_period": -0.005027955056052521,
      "annualized_sharpe": -1.8873767205937066,
      "n_dates": 212,
      "mean_ci95": [
        -0.007455984493701993,
        -0.0024039313124495647
      ],
      "skew": -1.054085674850995,
      "kurtosis": 31.096118715018882,
      "deflated": {
        "dsr": 3.405907971708986e-05,
        "psr": 0.00027831332908750256,
        "sr_per_period": -0.265854077614221,
        "sr0_threshold": 0.04088429825011992,
        "var_sharpe": 0.002298339244912002,
        "n_trials": 3,
        "n_obs": 212
      }
    }
  },
  "per_year": {
    "always": {
      "2022": {
        "mean_per_period": -0.009143207213288006,
        "annualized_sharpe": -4.84535259284643,
        "n_dates": 49,
        "mean_ci95": [
          -0.012577023707120416,
          -0.005310414378601348
        ],
        "skew": -0.3766646561241949,
        "kurtosis": 3.4421183949248984,
        "deflated": {
          "dsr": 1.5409772102866347e-06,
          "psr": 1.5409772102866347e-06,
          "sr_per_period": -0.6825117265840016,
          "sr0_threshold": 0.0,
          "var_sharpe": 0.0,
          "n_trials": 3,
          "n_obs": 49
        }
      },
      "2023": {
        "mean_per_period": -0.0013978165201078074,
        "annualized_sharpe": -0.439387381523739,
        "n_dates": 48,
        "mean_ci95": [
          -0.007035485325008594,
          0.005413754523741987
        ],
        "skew": 3.6826806775172596,
        "kurtosis": 23.192203314790873,
        "deflated": {
          "dsr": 0.352107357578866,
          "psr": 0.352107357578866,
          "sr_per_period": -0.061891685828135,
          "sr0_threshold": 0.0,
          "var_sharpe": 0.0,
          "n_trials": 3,
          "n_obs": 48
        }
      },
      "2024": {
        "mean_per_period": -0.007970113717750159,
        "annualized_sharpe": -1.8548408754048422,
        "n_dates": 49,
        "mean_ci95": [
          -0.016645233571483006,
          0.0001267644013962713
        ],
        "skew": -2.1368796619519954,
        "kurtosis": 12.515003484634846,
        "deflated": {
          "dsr": 0.011730222992785687,
          "psr": 0.011730222992785687,
          "sr_per_period": -0.26127110961546146,
          "sr0_threshold": 0.0,
          "var_sharpe": 0.0,
          "n_trials": 3,
          "n_obs": 49
        }
      },
      "2025": {
        "mean_per_period": -0.006831146172008701,
        "annualized_sharpe": -3.464719780517352,
        "n_dates": 48,
        "mean_ci95": [
          -0.010974855820215288,
          -0.002605996169576719
        ],
        "skew": 0.8675049300263089,
        "kurtosis": 4.775859011944162,
        "deflated": {
          "dsr": 0.004578613200091632,
          "psr": 0.004578613200091632,
          "sr_per_period": -0.4880371106577154,
          "sr0_threshold": 0.0,
          "var_sharpe": 0.0,
          "n_trials": 3,
          "n_obs": 48
        }
      }
    },
    "trend": {
      "2022": {
        "mean_per_period": -0.0034894581528756353,
        "annualized_sharpe": -2.340334149648054,
        "n_dates": 49,
        "mean_ci95": [
          -0.006676653958535212,
          -0.0008447486672491202
        ],
        "skew": -1.9255328284429873,
        "kurtosis": 8.867567675106407,
        "deflated": {
          "dsr": 0.0013429115368675084,
          "psr": 0.0013429115368675084,
          "sr_per_period": -0.32965722734358294,
          "sr0_threshold": 0.0,
          "var_sharpe": 0.0,
          "n_trials": 3,
          "n_obs": 49
        }
      },
      "2023": {
        "mean_per_period": 0.0015685772338090373,
        "annualized_sharpe": 0.583000943471416,
        "n_dates": 48,
        "mean_ci95": [
          -0.002112373114009116,
          0.007444285683383149
        ],
        "skew": 6.0303499413086445,
        "kurtosis": 40.33735020098691,
        "deflated": {
          "dsr": 0.7718586143333661,
          "psr": 0.7718586143333661,
          "sr_per_period": 0.0821209546476011,
          "sr0_threshold": 0.0,
          "var_sharpe": 0.0,
          "n_trials": 3,
          "n_obs": 48
        }
      },
      "2024": {
        "mean_per_period": -0.005032515049364493,
        "annualized_sharpe": -2.400897629075068,
        "n_dates": 49,
        "mean_ci95": [
          -0.00963596640827238,
          -0.0011995850202835942
        ],
        "skew": -2.6445890459378787,
        "kurtosis": 12.399764292038936,
        "deflated": {
          "dsr": 0.00018086314729108581,
          "psr": 0.00018086314729108581,
          "sr_per_period": -0.3381881410634003,
          "sr0_threshold": 0.0,
          "var_sharpe": 0.0,
          "n_trials": 3,
          "n_obs": 49
        }
      },
      "2025": {
        "mean_per_period": -0.0046322849923434726,
        "annualized_sharpe": -3.1917206252841446,
        "n_dates": 48,
        "mean_ci95": [
          -0.007769232342945054,
          -0.0017162757903465239
        ],
        "skew": -0.5877150994917316,
        "kurtosis": 4.709126086629984,
        "deflated": {
          "dsr": 0.0006687143442344484,
          "psr": 0.0006687143442344484,
          "sr_per_period": -0.4495827110606093,
          "sr0_threshold": 0.0,
          "var_sharpe": 0.0,
          "n_trials": 3,
          "n_obs": 48
        }
      }
    },
    "abstain": {
      "2022": {
        "mean_per_period": -0.008752003107438865,
        "annualized_sharpe": -4.644625142842404,
        "n_dates": 49,
        "mean_ci95": [
          -0.012205885321054565,
          -0.005066353741663677
        ],
        "skew": -0.4513561067068227,
        "kurtosis": 3.5077521138290617,
        "deflated": {
          "dsr": 2.1634769188595136e-06,
          "psr": 2.1634769188595136e-06,
          "sr_per_period": -0.6542374501820503,
          "sr0_threshold": 0.0,
          "var_sharpe": 0.0,
          "n_trials": 3,
          "n_obs": 49
        }
      },
      "2023": {
        "mean_per_period": 0.0003346582073801667,
        "annualized_sharpe": 0.11326001619113786,
        "n_dates": 48,
        "mean_ci95": [
          -0.0046917906106654144,
          0.006617696067077913
        ],
        "skew": 4.582596618752066,
        "kurtosis": 29.06577360585398,
        "deflated": {
          "dsr": 0.5451810743578868,
          "psr": 0.5451810743578868,
          "sr_per_period": 0.015953697429093472,
          "sr0_threshold": 0.0,
          "var_sharpe": 0.0,
          "n_trials": 3,
          "n_obs": 48
        }
      },
      "2024": {
        "mean_per_period": -0.008156553287481483,
        "annualized_sharpe": -2.1700902167395966,
        "n_dates": 49,
        "mean_ci95": [
          -0.01615815084818013,
          -0.0016016713571005365
        ],