{
  "device": "xpu",
  "n_train": 3990,
  "n_test": 1997,
  "arms": {
    "raw": {
      "market_neutral_rank_ic": {
        "mean": 0.015574210143042834,
        "lo": -0.015885794092424,
        "hi": 0.054365947361957545
      },
      "long_short": {
        "ls_mean_per_period": 0.00953239782912251,
        "annualized_sharpe": 2.1784696796213483,
        "n_dates": 60,
        "ls_mean_ci95": [
          0.0018520000249580418,
          0.017398263763738545
        ]
      },
      "final_train_mse": 0.003518989309668541
    },
    "neutral": {
      "market_neutral_rank_ic": {
        "mean": -0.0014574328217424027,
        "lo": -0.042714148644472955,
        "hi": 0.049023289760111236
      },
      "long_short": {
        "ls_mean_per_period": 0.007032813093923296,
        "annualized_sharpe": 1.7144511702261012,
        "n_dates": 60,
        "ls_mean_ci95": [
          0.00035194070546522505,
          0.013954985198772692
        ]
      },
      "final_train_mse": 0.003415729384869337
    }
  },
  "elapsed_sec": 109.3
}