{
  "n_items": 6,
  "n_directional": 2,
  "verdict": "SOME-DIRECTIONAL",
  "items": [
    {
      "feature": "close_pct_prior",
      "regime": "trend",
      "target": "_fwd_r5",
      "directionality": {
        "per_state": {
          "0": {
            "n": 89308,
            "slope": -0.08534347018141146,
            "sign_hit": 0.47778474492766604
          },
          "1": {
            "n": 110692,
            "slope": -0.08863442662075992,
            "sign_hit": 0.4685252773461497
          }
        },
        "overall": {
          "slope": -0.08716488293233325,
          "sign_hit": 0.47266,
          "n": 200000
        }
      },
      "monotonicity": {
        "per_state": {
          "0": {
            "n": 89308,
            "bucket_means": [
              -0.0035324974677048665,
              -0.016373728810981977,
              -0.018036565740951645,
              -0.016226578791564843,
              -0.018115686113149333
            ],
            "mono_coef": -0.7,
            "spread": 0.014583188645444466
          },
          "1": {
            "n": 110692,
            "bucket_means": [
              0.021823264638823964,
              0.01932424545198185,
              0.014746622708501883,
              0.013201501450404777,
              0.011259543723009243
            ],
            "mono_coef": -0.9999999999999999,
            "spread": 0.010563720915814721
          }
        },
        "overall": {
          "mono_coef": -0.8660379999999999,
          "n": 200000
        }
      },
      "variance_vs_mean": {
        "mean_dispersion": 0.0046341351465247855,
        "var_dispersion": 0.0061044756053217205,
        "directional_fraction": 0.43153954022664853,
        "n": 200000
      },
      "best_state_slope": 0.08863442662075992,
      "best_state_mono": 0.9999999999999999,
      "looks_directional_tradable": true
    },
    {
      "feature": "dist_low_atr",
      "regime": "trend",
      "target": "_fwd_r5",
      "directionality": {
        "per_state": {
          "0": {
            "n": 89308,
            "slope": -0.08339055857013247,
            "sign_hit": 0.4760827697406727
          },
          "1": {
            "n": 110692,
            "slope": -0.07904305739838768,
            "sign_hit": 0.47324106529830523
          }
        },
        "overall": {
          "slope": -0.0809843905716186,
          "sign_hit": 0.47451,
          "n": 200000
        }
      },
      "monotonicity": {
        "per_state": {
          "0": {
            "n": 89308,
            "bucket_means": [
              -0.0034432272918594894,
              -0.015473610449898006,
              -0.01874047914431283,
              -0.01826989622487917,
              -0.016357907815142736
            ],
            "mono_coef": -0.6,
            "spread": 0.01529725185245334
          },
          "1": {
            "n": 110692,
            "bucket_means": [
              0.020970082687803454,
              0.017812465040506206,
              0.015556466729248906,
              0.014055431808634888,
              0.011960693605875752
            ],
            "mono_coef": -0.9999999999999999,
            "spread": 0.009009389081927702
          }
        },
        "overall": {
          "mono_coef": -0.8213839999999999,
          "n": 200000
        }
      },
      "variance_vs_mean": {
        "mean_dispersion": 0.004236203171775685,
        "var_dispersion": 0.007061592845114459,
        "directional_fraction": 0.3749583693529768,
        "n": 200000
      },
      "best_state_slope": 0.08339055857013247,
      "best_state_mono": 0.9999999999999999,
      "looks_directional_tradable": false
    },
    {
      "feature": "onset_score",
      "regime": "trend",
      "target": "_fwd_r5",
      "directionality": {
        "per_state": {
          "0": {
            "n": 89308,
            "slope": -0.10238692606345173,
            "sign_hit": 0.4660500739015542
          },
          "1": {
            "n": 110692,
            "slope": -0.06466037966458726,
            "sign_hit": 0.4788060564449102
          }
        },
        "overall": {
          "slope": -0.08150679169353621,
          "sign_hit": 0.47311,
          "n": 200000
        }
      },
      "monotonicity": {
        "per_state": {
          "0": {
            "n": 89308,
            "bucket_means": [
              -0.004980259341941315,
              -0.011894484325118566,
              -0.015844721455998575,
              -0.01845085797290921,
              -0.021114607584666236
            ],
            "mono_coef": -0.9999999999999999,
            "spread": 0.016134348242724923
          },
          "1": {
            "n": 110692,
            "bucket_means": [
              0.02087978861296784,
              0.016430191081051572,
              0.014902041582531417,
              0.014829453804449534,
              0.01331351313944442
            ],
            "mono_coef": -0.9999999999999999,
            "spread": 0.007566275473523419
          }
        },
        "overall": {
          "mono_coef": -0.9999999999999999,
          "n": 200000
        }
      },
      "variance_vs_mean": {
        "mean_dispersion": 0.0039529948550142595,
        "var_dispersion": 0.006283976802811519,
        "directional_fraction": 0.38614885213561617,
        "n": 200000
      },
      "best_state_slope": 0.10238692606345173,
      "best_state_mono": 0.9999999999999999,
      "looks_directional_tradable": false
    },
    {
      "feature": "body",
      "regime": "trend",
      "target": "_fwd_r5",
      "directionality": {
        "per_state": {
          "0": {
            "n": 89308,
            "slope": -0.09032262192815683,
            "sign_hit": 0.468199937295651
          },
          "1": {
            "n": 110692,
            "slope": -0.03640163024031162,
            "sign_hit": 0.4870632023994507
          }
        },
        "overall": {
          "slope": -0.060479509868602024,
          "sign_hit": 0.47864,
          "n": 200000
        }
      },
      "monotonicity": {
        "per_state": {
          "0": {
            "n": 89308,
            "bucket_means": [
              -0.006499144840017743,
              -0.01174887605338656,
              -0.01506170827086392,
              -0.01817613879530113,
              -0.020602863121926544
            ],
            "mono_coef": -0.9999999999999999,
            "spread": 0.014103718281908801
          },
          "1": {
            "n": 110692,
            "bucket_means": [
              0.018864053995365268,
              0.01611158955245723,
              0.015162970229707142,
              0.014115972018879014,
              0.016100822796768884
            ],
            "mono_coef": -0.7,
            "spread": 0.004748081976486254
          }
        },
        "overall": {
          "mono_coef": -0.8339619999999999,
          "n": 200000
        }
      },
      "variance_vs_mean": {
        "mean_dispersion": 0.0030847265684981044,
        "var_dispersion": 0.004968902597867176,
        "directional_fraction": 0.38302316940305386,
        "n": 200000
      },
      "best_state_slope": 0.09032262192815683,
      "best_state_mono": 0.9999999999999999,
      "looks_directional_tradable": false
    },
    {
      "feature": "close_loc",
      "regime": "trend",
      "target": "_fwd_r5",
      "directionality": {
        "per_state": {
          "0": {
            "n": 89308,
            "slope": -0.08843624891571951,
            "sign_hit": 0.4690509248891477
          },
          "1": {
            "n": 110692,
            "slope": -0.040779112136864186,
            "sign_hit": 0.4859339428323637
          }
        },
        "overall": {
          "slope": -0.06205992999409424,
          "sign_hit": 0.478395,
          "n": 200000
        }
      },
      "monotonicity": {
        "per_state": {
          "0": {
            "n": 89308,