{
  "configs": [
    "(2, 0.05)",
    "(2, 0.1)",
    "(2, 0.2)",
    "(3, 0.05)",
    "(3, 0.1)",
    "(3, 0.2)"
  ],
  "per_split_selected": {
    "2023->2024": {
      "selected_config": "(2, 0.2)",
      "train_net_mean": -0.005530159403701245,
      "test_oos": {
        "mean_per_period": -0.007180291956153113,
        "annualized_sharpe": -2.1446902338944134,
        "n_dates": 242,
        "mean_ci95": [
          -0.00999496101714151,
          -0.004247795922611978
        ]
      }
    },
    "2024->2025": {
      "selected_config": "(2, 0.2)",
      "train_net_mean": -0.007180291956153113,
      "test_oos": {
        "mean_per_period": -0.00508531985138277,
        "annualized_sharpe": -2.6603664242791116,
        "n_dates": 243,
        "mean_ci95": [
          -0.0066879015496169045,
          -0.003176316097641036
        ]
      }
    }
  },
  "grid": {
    "2023->2024": {
      "train_net_mean": {
        "(2, 0.05)": -0.007672037142952233,
        "(2, 0.1)": -0.006661002895393584,
        "(2, 0.2)": -0.005530159403701245,
        "(3, 0.05)": -0.014762263032546302,
        "(3, 0.1)": -0.011086667506191009,
        "(3, 0.2)": -0.008193961982696977
      },
      "test_net_sharpe": {
        "(2, 0.05)": -3.2389278233360894,
        "(2, 0.1)": -2.6688337252700363,
        "(2, 0.2)": -2.1446902338944134,
        "(3, 0.05)": -3.1618263673960074,
        "(3, 0.1)": -2.7051357584893134,
        "(3, 0.2)": -2.3089215484248693
      }
    },
    "2024->2025": {
      "train_net_mean": {
        "(2, 0.05)": -0.014093303351171012,
        "(2, 0.1)": -0.010307796053491199,
        "(2, 0.2)": -0.007180291956153113,
        "(3, 0.05)": -0.018733805935043788,
        "(3, 0.1)": -0.01388754538377096,
        "(3, 0.2)": -0.009927768780848409
      },
      "test_net_sharpe": {
        "(2, 0.05)": -2.0671613941105833,
        "(2, 0.1)": -2.43164849927472,
        "(2, 0.2)": -2.6603664242791116,
        "(3, 0.05)": -2.59406530971918,
        "(3, 0.1)": -3.1735340917925887,
        "(3, 0.2)": -3.5999326761521373
      }
    }
  },
  "wf_selected_oos_sharpe": [
    -2.1446902338944134,
    -2.6603664242791116
  ],
  "verdict": "walk-forward-selected OOS NOT positive (no config recovers an edge)"
}