{
  "by_set": {
    "factors": {
      "rank_ic_market_neutral": {
        "mean": 0.06143512740550964,
        "lo": 0.03322982815727162,
        "hi": 0.09030038519784489
      },
      "n_dates": 186,
      "gross_mean": 0.009103925451214582,
      "gross_sharpe": 1.4375931047655082,
      "net_mean": 0.005103925451214579,
      "net_sharpe": 0.8059565157054711,
      "net_mean_ci95": [
        -0.0010508363711209357,
        0.01163792704952391
      ],
      "per_split_net_sharpe": {
        "split1": 2.708841717763329,
        "split2": -0.673725357635689,
        "split3": 0.7038626197648704
      }
    },
    "factors_plus_candle": {
      "rank_ic_market_neutral": {
        "mean": 0.08328604716429716,
        "lo": 0.056141687299817396,
        "hi": 0.11234325380659861
      },
      "n_dates": 186,
      "gross_mean": 0.015059330909381918,
      "gross_sharpe": 2.393366695431898,
      "net_mean": 0.011059330909381916,
      "net_sharpe": 1.7576500862853819,
      "net_mean_ci95": [
        0.004870570110873929,
        0.017895474040363655
      ],
      "per_split_net_sharpe": {
        "split1": 3.2162329641842904,
        "split2": 0.8479162626288677,
        "split3": 1.2043183913396767
      }
    },
    "candle": {
      "rank_ic_market_neutral": {
        "mean": 0.024759923114236315,
        "lo": -0.002639651423704472,
        "hi": 0.050626618029589204
      },
      "n_dates": 186,
      "gross_mean": 0.0029644834366446726,
      "gross_sharpe": 0.5083794317192034,
      "net_mean": -0.0010355165633553274,
      "net_sharpe": -0.1775807938432085,
      "net_mean_ci95": [
        -0.006785545691238752,
        0.00497986416046746
      ],
      "per_split_net_sharpe": {
        "split1": -0.05476255389763883,
        "split2": 0.42831997751807865,
        "split3": -1.042119391179859
      }
    }
  },
  "summary": {
    "net_sharpe": {
      "factors": 0.8059565157054711,
      "factors_plus_candle": 1.7576500862853819,
      "candle": -0.1775807938432085
    },
    "incremental_net_sharpe_from_candle": 0.9516935705799108
  }
}