{
  "recent": 3,
  "prior": 9,
  "cost_per_leg": 0.002,
  "per_split": {
    "split1": {
      "rank_ic_market_neutral": {
        "mean": 0.026898809636501833,
        "lo": -0.017272805249790104,
        "hi": 0.06949673186083834
      },
      "long_short": {
        "n_dates": 60,
        "gross_mean": 0.005915505222914708,
        "gross_sharpe": 1.0565911650179536,
        "net_mean": 0.0019155052229147078,
        "net_sharpe": 0.34213576335584744,
        "net_mean_ci95": [
          -0.008089971694985456,
          0.011886543948644728
        ]
      }
    },
    "split2": {
      "rank_ic_market_neutral": {
        "mean": 0.046070384942429286,
        "lo": 0.006526890013524234,
        "hi": 0.08596534112969202
      },
      "long_short": {
        "n_dates": 66,
        "gross_mean": 0.011952350452781467,
        "gross_sharpe": 2.281419519824581,
        "net_mean": 0.007952350452781467,
        "net_sharpe": 1.5179146246702842,
        "net_mean_ci95": [
          -0.00039406814668406287,
          0.01660911850348601
        ]
      }
    },
    "split3": {
      "rank_ic_market_neutral": {
        "mean": 0.047131243635866425,
        "lo": -0.006894662283779645,
        "hi": 0.08998071818552447
      },
      "long_short": {
        "n_dates": 60,
        "gross_mean": 0.0025702843908342312,
        "gross_sharpe": 0.4602862751403657,
        "net_mean": -0.0014297156091657693,
        "net_sharpe": -0.2560333302414679,
        "net_mean_ci95": [
          -0.011849801831750134,
          0.007982147523854455
        ]
      }
    }
  },
  "pooled": {
    "rank_ic_market_neutral": {
      "mean": 0.03909837408072378,
      "lo": 0.01639879605724455,
      "hi": 0.06524303786823396
    },
    "long_short": {
      "n_dates": 186,
      "gross_mean": 0.006978508100583407,
      "gross_sharpe": 1.276392063710778,
      "net_mean": 0.0029785081005834044,
      "net_sharpe": 0.5447789192886504,
      "net_mean_ci95": [
        -0.0026887622868192705,
        0.008700770542903847
      ]
    }
  }
}