{
  "device": "xpu",
  "window": 12,
  "seeds": [
    0,
    1,
    2
  ],
  "per_split": {
    "split1": {
      "rank_ic_market_neutral": {
        "mean": 0.055222785598616826,
        "lo": 0.016863018889707603,
        "hi": 0.09596705190474504
      },
      "long_short": {
        "n_dates": 60,
        "gross_mean": 0.0064516367971558745,
        "gross_sharpe": 0.9709735940475662,
        "net_mean": 0.002451636797155873,
        "net_sharpe": 0.36897219528587005,
        "net_mean_ci95": [
          -0.009123356410111281,
          0.013065295696270112
        ]
      }
    },
    "split2": {
      "rank_ic_market_neutral": {
        "mean": 0.046667565450086324,
        "lo": 0.0001664243011691888,
        "hi": 0.09489711794849014
      },
      "long_short": {
        "n_dates": 66,
        "gross_mean": 0.004900165547053081,
        "gross_sharpe": 0.8279826322736601,
        "net_mean": 0.0009001655470530808,
        "net_sharpe": 0.1521012773903729,
        "net_mean_ci95": [
          -0.008939002477092277,
          0.011384071045354598
        ]
      }
    },
    "split3": {
      "rank_ic_market_neutral": {
        "mean": 0.0878936475217382,
        "lo": 0.043456074985097286,
        "hi": 0.13247863930912762
      },
      "long_short": {
        "n_dates": 60,
        "gross_mean": 0.012788416239034085,
        "gross_sharpe": 2.067329529247208,
        "net_mean": 0.008788416239034084,
        "net_sharpe": 1.4207038672087458,
        "net_mean_ci95": [
          -0.0008560619849311654,
          0.01956967319233249
        ]
      }
    }
  },
  "pooled": {
    "rank_ic_market_neutral": {
      "mean": 0.06165875339687062,
      "lo": 0.036352966272455274,
      "hi": 0.08875574362417075
    },
    "long_short": {
      "n_dates": 186,
      "gross_mean": 0.00794523714127366,
      "gross_sharpe": 1.2751874736411044,
      "net_mean": 0.00394523714127366,
      "net_sharpe": 0.6331990969736281,
      "net_mean_ci95": [
        -0.002229945938199534,
        0.009919629309573996
      ]
    }
  },
  "elapsed_sec": 327.6
}