{
  "k_frac": 0.1,
  "round_trip_cost": 0.002,
  "per_split": {
    "split1": {
      "gross": {
        "mean_per_period": 0.013652943148631965,
        "annualized_sharpe": 2.402477916578797,
        "n_dates": 60,
        "mean_ci95": [
          0.003435138261239744,
          0.02370668932100587
        ]
      },
      "net": {
        "mean_per_period": 0.011652943148631963,
        "annualized_sharpe": 2.0505423829104346,
        "n_dates": 60,
        "mean_ci95": [
          0.0014351382612397432,
          0.02170668932100587
        ]
      }
    },
    "split2": {
      "gross": {
        "mean_per_period": 0.00720113381037194,
        "annualized_sharpe": 0.8729863648316328,
        "n_dates": 66,
        "mean_ci95": [
          -0.004955493586472293,
          0.02225733865156813
        ]
      },
      "net": {
        "mean_per_period": 0.005201133810371939,
        "annualized_sharpe": 0.6305283331327208,
        "n_dates": 66,
        "mean_ci95": [
          -0.0069554935864722936,
          0.02025733865156813
        ]
      }
    },
    "split3": {
      "gross": {
        "mean_per_period": 0.006500930032486228,
        "annualized_sharpe": 1.4512822933999268,
        "n_dates": 60,
        "mean_ci95": [
          -0.0013745383432176954,
          0.014940658079234934
        ]
      },
      "net": {
        "mean_per_period": 0.0045009300324862275,
        "annualized_sharpe": 1.0047977792926748,
        "n_dates": 60,
        "mean_ci95": [
          -0.0033745383432176954,
          0.012940658079234935
        ]
      }
    }
  },
  "pooled": {
    "gross": {
      "mean_per_period": 0.009056490442750751,
      "annualized_sharpe": 1.417705931221716,
      "n_dates": 186,
      "mean_ci95": [
        0.0030691244594776373,
        0.015764351619072987
      ]
    },
    "net": {
      "mean_per_period": 0.00705649044275075,
      "annualized_sharpe": 1.1046252869735864,
      "n_dates": 186,
      "mean_ci95": [
        0.001069124459477636,
        0.013764351619072983
      ]
    }
  },
  "net_positive_splits": 3,
  "verdict_long_only": "PASS go (deployable\u5019\u9009)"
}